{
    "action": {
        "min": [
            0.01659027859568596,
            0.02193484455347061,
            0.0009536888683214784,
            0.04634927958250046,
            0.038334380835294724,
            -0.026131074875593185,
            -0.03681239113211632,
            -0.04941422864794731,
            0.028038453310728073,
            0.00018684817769099027,
            -0.02193484455347061,
            0.2290760725736618,
            0.06046387553215027,
            -0.08052452653646469,
            -0.202705979347229,
            -0.029568921774625778
        ],
        "max": [
            0.01659471169114113,
            0.02193484455347061,
            0.0009536888683214784,
            0.04634927958250046,
            0.03833881765604019,
            -0.026131074875593185,
            -0.03681239113211632,
            -0.04940106347203255,
            0.028038453310728073,
            0.00019152926688548177,
            -0.02193484455347061,
            0.2290760725736618,
            0.06046387553215027,
            -0.0803699791431427,
            -0.17723263800144196,
            -0.02956383489072323
        ],
        "mean": [
            0.016593609005212784,
            0.02193484641611576,
            0.0009536891593597829,
            0.04634924605488777,
            0.03833770379424095,
            -0.026131082326173782,
            -0.03681235760450363,
            -0.04940667375922203,
            0.02803848125040531,
            0.00019024281937163323,
            -0.02193484641611576,
            0.22907625138759613,
            0.06046390160918236,
            -0.08046697080135345,
            -0.19150441884994507,
            -0.02956559881567955
        ],
        "std": [
            1.273354087061307e-06,
            1.862645149230957e-09,
            2.9103830456733704e-10,
            3.3527612686157227e-08,
            1.273182988370536e-06,
            7.450580596923828e-09,
            3.3527612686157227e-08,
            3.4303595839446643e-06,
            2.7939677238464355e-08,
            1.3092555946059292e-06,
            1.862645149230957e-09,
            1.7881393432617188e-07,
            2.60770320892334e-08,
            4.462018114281818e-05,
            0.010698906145989895,
            1.772642349351372e-06
        ],
        "count": [
            104
        ],
        "q01": [
            0.016590286195278168,
            0.02193484455347061,
            0.0009536888683214784,
            0.04634927958250046,
            0.03833440002053976,
            -0.026131074875593185,
            -0.03681239113211632,
            -0.0494141898304224,
            0.028038453310728073,
            0.00018685026472667232,
            -0.02193484455347061,
            0.2290760725736618,
            0.06046387553215027,
            -0.08052417755126953,
            -0.2026766423881054,
            -0.029568919856101276
        ],
        "q10": [
            0.016591142863035202,
            0.02193484455347061,
            0.0009536888683214784,
            0.04634927958250046,
            0.03833524957299232,
            -0.026131074875593185,
            -0.03681239113211632,
            -0.049412718042731285,
            0.028038453310728073,
            0.00018774171185214071,
            -0.02193484455347061,
            0.2290760725736618,
            0.06046387553215027,
            -0.08051224648952485,
            -0.20181135684251789,
            -0.029568454436957832
        ],
        "q50": [
            0.016594119369983673,
            0.02193484455347061,
            0.0009536888683214784,
            0.04634927958250046,
            0.03833821974694729,
            -0.026131074875593185,
            -0.03681239113211632,
            -0.04940563626587391,
            0.028038453310728073,
            0.00019073078146902844,
            -0.02193484455347061,
            0.2290760725736618,
            0.06046387553215027,
            -0.08048580214381218,
            -0.1990322545170784,
            -0.02956448122859001
        ],
        "q90": [
            0.016594628803431988,
            0.02193484455347061,
            0.0009536888683214784,
            0.04634927958250046,
            0.03833873495459557,
            -0.026131074875593185,
            -0.03681239113211632,
            -0.04940337054431439,
            0.028038453310728073,
            0.00019141090015182275,
            -0.02193484455347061,
            0.2290760725736618,
            0.06046387553215027,
            -0.08038873374462127,
            -0.17811891734600066,
            -0.029563984461128713
        ],
        "q99": [
            0.01659470982849598,
            0.02193484455347061,
            0.0009536888683214784,
            0.04634927958250046,
            0.03833881393074989,
            -0.026131074875593185,
            -0.03681239113211632,
            -0.049401214793324474,
            0.028038453310728073,
            0.00019152917782776056,
            -0.02193484455347061,
            0.2290760725736618,
            0.06046387553215027,
            -0.08037022784352302,
            -0.17723533704876898,
            -0.029563840702176096
        ]
    },
    "episode_index": {
        "min": [
            0.0
        ],
        "max": [
            0.0
        ],
        "mean": [
            0.0
        ],
        "std": [
            0.0
        ],
        "count": [
            104
        ],
        "q01": [
            0.0
        ],
        "q10": [
            0.0
        ],
        "q50": [
            0.0
        ],
        "q90": [
            0.0
        ],
        "q99": [
            0.0
        ]
    },
    "frame_index": {
        "min": [
            0.0
        ],
        "max": [
            103.0
        ],
        "mean": [
            51.5
        ],
        "std": [
            30.02082610455615
        ],
        "count": [
            104
        ],
        "q01": [
            1.03
        ],
        "q10": [
            10.3
        ],
        "q50": [
            51.5
        ],
        "q90": [
            92.70000000000002
        ],
        "q99": [
            101.97
        ]
    },
    "index": {
        "min": [
            0.0
        ],
        "max": [
            103.0
        ],
        "mean": [
            51.5
        ],
        "std": [
            30.02082610455615
        ],
        "count": [
            104
        ],
        "q01": [
            1.03
        ],
        "q10": [
            10.3
        ],
        "q50": [
            51.5
        ],
        "q90": [
            92.70000000000002
        ],
        "q99": [
            101.97
        ]
    },
    "observation.images.head": {
        "min": [
            [
                [
                    0.0
                ]
            ],
            [
                [
                    0.0
                ]
            ],
            [
                [
                    0.0
                ]
            ]
        ],
        "max": [
            [
                [
                    1.0
                ]
            ],
            [
                [
                    1.0
                ]
            ],
            [
                [
                    1.0
                ]
            ]
        ],
        "mean": [
            [
                [
                    0.4540800714869281
                ]
            ],
            [
                [
                    0.4443113255718954
                ]
            ],
            [
                [
                    0.4328180024509804
                ]
            ]
        ],
        "std": [
            [
                [
                    0.24780412300359425
                ]
            ],
            [
                [
                    0.2368853005387012
                ]
            ],
            [
                [
                    0.23466363528981313
                ]
            ]
        ],